state,club,city,club link
Alabama,Alabama Mineral & Lapidary Society,Birmingham,http://www.lapidaryclub.com/
Alabama,Dothan Gem & Mineral Club,Dothan,http://www.wiregrassrockhounds.com/
Alabama,Huntsville Gem and Mineral Society,Huntsville,http://huntsvillegms.org/
Alabama,Mobile Rock & Gem Society,Mobile,http://www.mobilerockandgem.com/
Alabama,Montgomery Gem & Mineral Society,Montgomery,http://montgomerygemandmineralsociety.com/mgms/
Alaska,Chugach Gem & Mineral Society,Anchorage,http://www.chugachgemandmineralsociety.com/
Alaska,Mat-Su Rock and Mineral Club,Palmer,http://matsurockclub.com/
Arizona,Apache Junction Rock and Gem Club,Apache Junction,http://www.ajrockclub.com/
Arizona,Black Canyon City Rock Club,Black Canyon City,http://www.bccrockclub.mysite.com/
Arizona,Daisy Mountain Rock & Mineral Club,Anthem,http://www.dmrmc.com/
Arizona,Gila County Gem & Mineral Society,Miami,http://gilagem.org/
Arizona,Huachuca Mineral and Gem Club,Sierra Vista,http://www.huachucamineralandgemclub.info/
Arizona,Lake Havasu Gem & Mineral Society,Lake Havasu City,http://www.lakehavasugms.org/
Arizona,Mineralogical Society of Arizona,Scottsdale,http://www.msaaz.org/
Arizona,Mingus Gem & Mineral Club,Cottonwood,http://www.mingusclub.org/
Arizona,Mohave County Gemstoners,Kingman,http://www.gemstoners.org/
Arizona,Old Pueblo Lapidary Club,Tucson,http://www.lapidaryclub.org/
Arizona,Pinal Gem and Mineral Society,Coolidge,https://www.pinalgeologymuseum.org/index.php/pinal-gem-mineral-society/about-pgms
Arizona,Prescott Gem & Mineral Club,Prescott Valley,http://www.prescottgemmineral.org/
Arizona,Quartzsite Roadrunners Gem & Mineral Club,Quartzsite,http://www.qrgmc.org/
Arizona,Rockhounds West,Phoenix,http://rockhounds.scwclubs.com/
Arizona,Sedona Gem & Mineral Club,Sedona,http://www.sedonagemandmineral.org/
Arizona,Silvery Colorado River Rock Club,Bullhead City,http://scrrc.blogspot.com/
Arizona,Sunsites Gem and Mineral Club,Pearce,https://sites.google.com/site/cochisecountyrock/
Arizona,Tucson Gem and Mineral Society,Tucson,http://www.tgms.org/
Arizona,Verde River Rockhounds,Cottonwood,http://www.verderiverrockhounds.com/
Arizona,West Valley Rock & Mineral Club,Buckeye,http://www.westvalleyrockandmineralclub.com/
Arizona,White Mountain Gem & Mineral Club,Show Low,http://whitemountain-azrockclub.org/
Arizona,Wickenburg Gem and Mineral Society,Wickenburg,http://www.wickenburggms.org/
Arkansas,"Central Arkansas Gem, Mineral and Geology Society",Little Rock,http://www.centralarrockhound.org/
Arkansas,Northwest Arkansas Gem & Mineral Society,Siloam Springs,http://www.nwarockhounds.org/
Arkansas,"Ozark Earth Science Gem, Mineral & Fossil Club",Mountain Home,https://www.ozarkearthscience.com/
California,Amador County Gem & Mineral Society,Sutter Creek,http://www.amadorgemandmineral.org/
California,American Opal Society,Anaheim,http://www.opalsociety.org/
California,Antelope Valley Gem and Mineral Club,Lancaster,http://avgem.weebly.com/
California,Antioch Lapidary Club,Antioch,http://www.antiochlapidaryclub.com/
California,Borrego Rock and Gem Club,Borrego Springs,http://www.abdnha.org/bragclub.html
California,Calaveras Gem & Mineral Society,Angels Camp,http://www.calaverasgemandmineral.org/
California,Carmel Valley Gem and Mineral Society,Pacific Grove,http://www.cvgms.rocks/
California,Central Coast Treasure Hunters Association,San Luis Obispo,http://www.cctha.org/
California,Coalinga Rockhound Society,Coalinga,https://sites.google.com/site/coalingarockhounds/
California,Conejo Gem & Mineral Club,Thousand Oaks,http://www.cgamc.org/
California,Contra Costa Mineral & Gem Society,Concord,http://www.ccmgs.org/
California,The Culver City Rock and Mineral Club,Culver City,http://culvercityrocks.org/
California,Del Air Rockhounds Club,Northridge,http://delairrockhounds.blogspot.com/
California,Delvers Gem & Mineral Society,Bellflower,https://delversgemclub.wordpress.com/
California,El Cajon Valley Gem & Mineral Society,El Cajon,http://www.ecvgms.org/
California,El Dorado County Mineral and Gem Society,Placerville,http://www.eldoradomineralandgem.org/
California,Faceters Guild of Southern California,Buena Park,http://www.fgosc.com/
California,"Fallbrook Gem and Mineral Society, Inc.",Fallbrook,http://www.fgms.org/FGMS/Home.html
California,Feather River Lapidary & Mineral Society,Oroville,http://www.featherriverrocks.org/
California,First Class Miners,Yucca Valley,http://www.firstclassminers.org/
California,"Fossils for Fun Society, Inc.",North Highlands,https://www.facebook.com/The-Fossils-for-Fun-Society-994879667246272/
California,Fresno Gem & Mineral Society,Fresno,http://fgms.us/
California,Gold Country Treasure Seekers,Placerville,https://goldcountrytreasureseekers.shutterfly.com/
California,Hi-Desert Rockhounds of Morongo Valley,Yucca Valley,http://www.hi-desertrockhounds.org/
California,Indian Wells Valley Gem & Mineral Society,Ridgecrest,http://indianwells.weebly.com/
California,Kern County Mineral Society,Bakersfield,http://kerncountymineralsociety.org/
California,Lemoore Gem and Mineral Club,Lemoore,https://www.facebook.com/Lemoore-Gem-and-Mineral-Club-706220872829687/
California,Livermore Valley Lithophiles,Livermore,http://www.lithophiles.com/
California,Line Pine Gem & Mieral Society,Lone Pine,http://lpgms.org/
California,Mariposa Gem & Mineral Club,Mariposa,http://mariposagmc.org/
California,Mineral & Gem Society of Castro Valley,Hayward,http://www.mgscv.org/
California,Mineralogical Society of Southern California,Pasadena,http://www.mineralsocal.org/
California,Mojave Desert Gem & Mineral Society,Barstow,http://www.mdgms.net/
California,Monrovia Rock Hounds Inc.,Monrovia,http://www.moroks.com/
California,Mother Lode Mineral Society,Modesto,http://www.motherlodemineralsociety.com/
California,Needles Gem & Mineral Club,Mohave Valley,http://needlesgemmineralclub.blogspot.com/
California,Nevada County Gem & Mineral Society,Grass Valley,http://www.ncgms.org/
California,Northern California Geological Society,Orinda,http://www.ncgeolsoc.org/
California,North Orange County Gem & Mineral Society,La Habra,http://www.nocgms.com/
California,Orange Belt Mineralogical Society,San Bernardino,http://obmsrocks.yolasite.com/
California,Orcutt Mineral Society,Santa Maria,http://www.omsinc.org/
California,Oxnard Gem & Mineral Society,Oxnard,http://oxnardgem.com/home/
California,Palmdale Gem & Mineral Club,Palmdale,https://www.facebook.com/palmdalegemandmineralclub/
California,Palomar Gem & Mineral Club,Escondido,http://palomargem.org/
California,Palos Verdes Gem & Mineral Society,Rolling Hills Estates,http://www.palos-verdes-gem-and-mineral-society.org/
California,Paradise Gem & Mineral Club,Paradise,http://www.paradisegem.org/
California,Pasadena Lapidary Society,Pasadena,http://www.pasadenalapidarysociety.org/
California,"Peninsula Gem & Geology Society, Inc.",Los Altos,http://pggs.org/
California,Roseville Rock Rollers,Roseville,http://www.rockrollers.com/
California,Route 66 Gold Miners Inc,Brea,http://www.route66goldminers.org/
California,Sacramento Mineral Society,Sacramento,http://www.sacramentomineralsociety.org/
California,Sacramento Valley Detecting Buffs,North Highlands,http://www.sacramentovalleydetectingbuffs.com/
California,Salinas Valley Rock and Gem Club,Salinas,https://salinasrockandgem.pagecloud.com/
California,San Diego Gem and Mineral Society,San Diego,http://www.sdmg.org/
California,San Diego Lapidary Society,San Diego,http://sandiegolapidarysociety.org/
California,"San Francisco Gem and Mineral Society, Inc.",San Francisco,http://www.sfgms.org/
California,San Joaquin Valley Lapidary Society,Bakersfield,http://sjvls.blogspot.com/
California,San Luis Obispo Gem & Mineral Club,San Luis Obispo,http://www.slogem.org/
California,"Santa Ana Rock & Mineral Club, Inc.",Santa Ana,http://www.sarmclub.org/
California,Santa Clara Valley Gem & Mineral Society,San Jose,http://www.scvgms.org/
California,Santa Cruz Mineral and Gem Society,Santa Cruz,https://www.facebook.com/scmgs/
California,Santa Lucia Rockhounds,Paso Robles,http://www.slrockhounds.org/
California,"Santa Rosa Mineral And Gem Society, Inc.",Santa Rosa,http://www.srmgs.org/
California,Searchers Gem and Mineral Society,Anaheim,https://www.searchersrocks.org/
California,"Searles Lake Gem and Mineral Society, Inc.",Trona,http://www1.iwvisp.com/tronagemclub/
California,Sequoia Gem and Mineral Society,Redwood City,http://www.sequoiagemandmineralsociety.org/
California,Shadow Mountain Gem & Mineral Society,Palm Springs,http://www.shadowmountaingemmineral.org/
California,Shasta Gem & Mineral Society,Redding,http://www.shastagemandmineral.com/
California,Sierra Pelona Rock Club,Newhall,http://www.sierrapelona.com/
California,South Bay Lapidary & Mineral Society,Torrance,https://southbaylapidaryandmineralsociety.com/
California,South Orange County Gem & Mineral Society,San Clemente,https://www.facebook.com/South-Orange-County-Gem-Mineral-Society-255366124502612/
California,Southern California Paleontological Society,Los Angeles,http://socalpaleo.com/
California,Stockton Lapidary & Mineral Club,Stockton,http://www.stocktonlapidary.com/
California,Sutter Buttes Gem & Mineral Society,Marysville,https://sutterbuttesgemmin.org/
California,Tehachapi Valley Gem & Mineral Society,Tehachapi,http://www.tvgms.org/
California,Tule Gem and Mineral Society,Farmersville,http://www.tulegem.com/
California,Vallejo Gem & Mineral Society,Vallejo,http://www.vjgems.org/
California,"Valley Prospectors, Inc.",San Bernardino,https://www.valleyprospectors.com/
California,"Ventura Gem & Mineral Society, Inc",Ventura,http://vgms.org/
California,Victor Valley Gem and Mineral Club,Victorville,http://www.vvgmc.org/
California,Vista Gem & Mineral Society,Vista,http://www.vistarocks.org/
California,West Coast Prospectors & Treasure Hunters Association,Garden Grove,http://westcoasters.org/
California,West End Prospectors Corporation,Norco,http://www.wepcgold.com/
California,"Whittier Gem and Mineral Society, Inc.",Whittier,http://wgmsca.com/index.html
California,"Woodland Hills Rock Chippers, Inc.",San Fernando Valley,http://www.rockchippers.org/
California,Yucaipa Valley Gem & Mineral Society,Yucaipa,http://www.yvgms.org/wiki/
Colorado,Canon City Geology Club,Canon City,http://www.canoncitygeologyclub.com/
Colorado,Colorado Gold Camp,Frisco,http://coloradogoldcamp.com/
Colorado,Colorado Mineral Society,Lakewood,http://www.coloradomineralsociety.org/
Colorado,Colorado Prospector,Alamosa,http://www.coloradoprospector.com/
Colorado,Colorado Springs Mineral Society,Colorado Springs,http://www.csms1936.com/
Colorado,Columbine Gem and Mineral Society,Salida,http://rockaholics.org/
Colorado,Denver Gem and Mineral Guild,Denver,http://denvergem.org/index.html
Colorado,Flatirons Mineral Club,Boulder,http://flatironsmineralclub.org/
Colorado,Fort Collins Rockhounds,Fort Collins,http://www.fortcollinsrockhounds.org/
Colorado,Four Corners Gem & Mineral Club,Durango,http://www.durangorocks.org/
Colorado,Friends of Mineralogy - Colorado Chapter,Denver,http://friendsofmineralogycolorado.org/
Colorado,Grand Junction Gem & Mineral Club,Grand Junction,http://www.grandjunctionrockclub.org/
Colorado,Lake George Gem & Mineral club,Lake George,http://www.lggmclub.org/
Colorado,"Littleton Gem and Mineral Club, Inc.",Littleton,http://littletongemandmineralclub.com/
Colorado,Mile High Rock and Mineral Society,Arvada,http://www.milehirams.com/
Colorado,North Jeffco Gem & Mineral Club,Arvada,http://www.peaktopeak.com/njeffco/index.php
Colorado,Pueblo Rockhounds,Pueblo,http://www.pueblorockhounds.org/
Colorado,Western Interior Paleontological Society,Denver,http://www.westernpaleo.org/
Connecticut,Bristol Gem & Mineral Club,Bristol,http://bristolgem.org/
Connecticut,Danbury Mineralogical Society,Danbury,http://danburymineralogicalsociety.weebly.com/
Connecticut,Lapidary and Mineral Society of Central Connecticut,Meriden,http://www.lmscc.org/
Connecticut,New Haven Mineral Club,New Haven,http://www.newhavenmineralclub.org/
Connecticut,Stamford Mineralogical Society,Stamford,http://www.stamfordmineralsociety.org/
Delaware,"Delaware Mineralogical Society, Inc.",Wilmington,http://www.delminsociety.net/
Florida,Canaveral Mineral & Gem Society,Melbourne,http://www.canaveral-mgs.com/
Florida,Central Brevard Rock and Gem Club,Merritt Island,http://www.centralbrevardgems.org/
Florida,Central Florida Mineral and Gem Society,Winter Park,http://www.cfmgs.org/
Florida,Florida Fossil Hunters,Orlando,http://floridafossilhunters.com/
Florida,Florida Gold Coast Gem & Mineral Society,Hollywood,http://fgcgms.com/main/
Florida,Fossil Club of Lee County,Ft. Myers,http://www.fcolc.com/
Florida,Gainesville Gem & Mineral Society,Gainesville,http://gainesvillegms.weebly.com/
Florida,Gem and Mineral Society of the Palm Beaches,West Palm Beach,http://www.gemandmineralsociety.org/
Florida,"Imperial Bone Valley Gem, Mineral, & Fossil Society",Lakeland,http://www.bonevalley.net/
Florida,"Jacksonville Gem and Mineral Society, Inc.",Jacksonville,http://www.jaxgemandmineral.org/
Florida,"Miami Mineralogical and Lapidary Guild, Inc.",Miami,http://www.mmlg-inc.org/
Florida,Playground Gem and Mineral Society,Ft. Walton Beach,http://playgroundgem.org/
Florida,Southwest Florida Fossil Society,Punta Gorda,http://www.southwestfloridafossilsociety.org/
Florida,St Lucie County Rock and Gem Club,Port St Lucie,http://www.slcrockandgem.org/
Florida,Suncoast Gem and Mineral Society,St Petersburg,http://sgams.com/
Florida,Tampa Bay Fossil Club,Palm Harbor,http://www.tampabayfossilclub.com/
Florida,"Tampa Bay Mineral & Science Club, Inc.",Tampa,http://www.tampabayrockclub.com/
Florida,The Villages Gem and Mineral Society,The Villages,http://www.thevillagesgemandmineralsociety.com/
Florida,Tomoka Faceters Guild,Palm Coast,http://www.tomokafacetersguild.org/index.html
Florida,Withlacoochee Rockhounds,Spring Hill,http://www.withlacoocheerockhounds.com/
Georgia,Athens Rock and Gem Club,Athens,http://www.athensrockandgemclub.org/
Georgia,Augusta Gem & Mineral Society,Augusta,http://agams.club/
Georgia,Cobb County Gem and Mineral Society,Marietta,https://www.ccgms.org/
Georgia,"Georgia Mineral Society, Inc.",Norcross,http://www.gamineral.org/
Georgia,Mid-Georgia Gem and Mineral Society,Macon,http://midgagmsorg.ipage.com/
Georgia,Rome Georgia Mineral Society Inc.,Rome,https://rogams.wordpress.com/
Hawaii,"Hui Pohaku 'O Hawai'i Rock & Mineral Society of Hawai'i, Inc.",Honolulu,http://pohakugalore.net/Hui_pohaku/Hiu_pohaku_1.html
Idaho,"Hells Canyon Gem Club, Inc.",Lewiston,http://www.hellscanyongemclub.com/
Idaho,Idaho Falls Gem & Mineral Society,Idaho Falls,http://ifgemmineral.weebly.com/
Idaho,"Idaho Gem Club, Inc.",Boise,http://www.idahogemclub.com/
Idaho,Magic Valley Gem Club,Twin Falls,http://magicvalleygemclub.org/
Idaho,North Idaho Mineral Club,Coeur d'Alene,http://www.northidahomineralclub.com/
Idaho,Owyhee Gem & Mineral Society,Caldwell,http://www.owyheerocks.com/
Idaho,Pend Oreille Rock and Gem Club,Oldtown,https://pendoreillerockandgemclub.wordpress.com/
Idaho,Southeast Idaho Gem and Mineral Society,Boise,https://www.facebook.com/SEIGMS
Illinois,Black Hawk Gem & Mineral Club,Rock Island,http://www.blackhawkgemandmineralclub.com/
Illinois,Central Illinois Gem & Mineral Club,Decatur,http://rmkapta.wixsite.com/cigmc
Illinois,Chicago Rocks & Minerals Society,Skokie,http://www.chicagorocks.org/
Illinois,Elgin Rock Club,Elgin,http://elginrockclub.org/
Illinois,"Geodeland Earth Science Clubs, Inc.",Macomb,http://www.geodeland.com/
Illinois,Lincoln Orbit Earth Science Society,Springfield,http://www.loess.org/
Illinois,Midwest Historical Research Society,Chicago,http://www.mhrsusa.com/
Illinois,Northwest Illinois Rock Club,Freeport,http://nwilrockclubfrpt.blogspot.com/
Illinois,Peoria Academy of Science Geology Section,Peoria,http://www.pasgeology.com/
Illinois,Southern Illinois Earth Science Club,Benton,http://www.siesclub.org/
Illinois,West Central Illinois Rock & Mineral Club,Macomb,http://www.rockchatter.com/
Illinois,West Suburban Lapidary Club,Elmhurst,http://www.westsuburbanlapidaryclub.com/
Indiana,500 Earth Sciences Club,Indianapolis,http://www.500earthsciencesclub.org/
Indiana,Brown County Rock and Mineral Club,Nashville,http://browncountyrock.webs.com/
Indiana,Calumet Gem & Mineral Society,Crown Point,https://www.facebook.com/calumetrockclub
Indiana,Evansville Lapidary Society,Evansville,http://evansvillelapidarysociety.tumblr.com/
Indiana,"Eastern Indiana Gem & Geological Society, Inc.",Richmond,http://eiggs.weebly.com/
Indiana,"Lawrence County Rock Club, Inc",Bedford,http://www.lawrencecountyrockclub.org/
Indiana,"Michiana Gem & Mineral Society, Inc.",South Bend,http://www.michianagms.org/
Indiana,Three Rivers Gem & Mineral Society,Fort Wayne,http://3riversgem_mineral.tripod.com/
Iowa,Cedar Valley Rocks and Minerals Society,Cedar Rapids,http://www.cedarvalleyrockclub.org/
Iowa,Des Moines Lapidary Society,Des Moines,http://dmlapidary.org/
Iowa,Geology Club @ Cornell College,Mount Vernon,http://orgs.cornellcollege.edu/geo_club/
Iowa,Iowa State University Geology Club,Ames,https://www.facebook.com/ISUGEOCLUB/
Iowa,River Valley Rockhounds,Fort Dodge,http://amfed.org/mwf/states/Iowa/RiverValley.html
Iowa,The Sac & Fox Lapidary Club,Fairfield,http://members.iowatelecom.net/billrath/rock_club.html
Kansas,McPherson Gem and Mineral Club,McPherson,https://mcphersongemandmineralclub.org/
Kansas,Olathe Gem and Mineral Society,Kansas City,http://olathegemclub.com/
Kansas,Topeka Gem & Mineral Society,Topeka,http://www.topekagms.org/
Kansas,Wichita Gem and Mineral Society,Wichita,http://www.wgmsks.org/
Kansas,Wichita Paleontological Society,Wichita,http://www.reocities.com/CapeCanaveral/Hangar/4265/home.html
Kentucky,Blue Grass Gem & Mineral Club of Central Kentucky,Lexington,http://bggamc.homestead.com/
Kentucky,KYANA Geological Society,Louisville,http://www.kyanageo.org/
Kentucky,Kentucky Paleontological Society,Lexington,http://www.uky.edu/OtherOrgs/KPS/
Louisiana,Ark-La-Tex Gem & Mineral Society,Shreveport,http://larockclub.com/
Louisiana,Baton Rouge Gem & Mineral Society,Baton Rouge,http://www.brgemandmineral.org/
Louisiana,DeRidder Gem & Mineral Society,Leesville,https://www.facebook.com/DeRidder-Gem-Mineral-Society-1123146734440993/
Maine,Kennebec Rocks and Minerals Club,Winthrop,http://kennebec-rocksandminerals.com/
Maine,Maine Mineralogical & Geological Society,Portland,http://mainemineralclub.org/
Maine,Oxford County Mineral and Gem Association,South Paris,http://ocmgassoc.blogspot.com/
Maine,Penobscot Mineral and Lapidary Club,Milford,http://penobscotminerallapidaryclub.com/index.html
Maryland,American Fossil Federation,Bowie,http://americanfossilfederation.org/Home.html
Maryland,Baltimore Mineral Society,Baltimore,http://www.baltimoremineralsociety.org/
Maryland,Calvert Marine Museum Fossil Club,Solomons,http://www.calvertmarinemuseum.com/209/Fossil-Club
Maryland,Central Maryland Rock and Mineral Collectors Exchange,Elkridge,https://www.meetup.com/rockhounds/
Maryland,Chesapeake Gem & Mineral Society,Baltimore,http://www.chesapeakegemandmineral.org/
Maryland,"Gem Cutters Guild of Baltimore, Inc.",Baltimore,http://www.gemcuttersguild.com/
Maryland,"Gem, Lapidary, and Mineral Society of Montgomery County, MD., Inc.",Rockville,http://www.glmsmc.com/
Maryland,Maryland Geological Society,Bowie,http://www.ecphora.net/mgs/
Maryland,Micromineralogists of the National Capital Area,"Washington, DC",http://dcmicrominerals.org/
Maryland,Patuxent Lapidary Guild,Annapolis,http://www.patuxentlapidary.org/
Maryland,Southern Maryland Rock and Mineral Club,Clinton,http://www.smrmc.org/
Maryland,The Mineralogical Society of the District of Columbia,"Washington, DC",http://www.mineralogicalsocietyofdc.org/
Massachusetts,"Boston Mineral Club, Inc.",Boston,http://www.bostonmineralclub.org/
Massachusetts,Connecticut Valley Mineral Club,Springfield,http://www.cvmineralclub.org/
Massachusetts,Micromounters of New England,Chemlsford,http://micromountersofnewengland.org/
Massachusetts,Nashoba Valley Mineralogical Society,Westford,http://www.americantowns.com/ma/westford/organization/nashoba_valley_mineralogical_society
Massachusetts,North Shore Rock & Mineral Club of Massachusetts,South Hamilton,http://www.northshorerock.org/
Massachusetts,Northern Berkshire Mineral Club,North Adams,http://nbmclub.webs.com/
Massachusetts,Southeastern Massachusetts Mineral Club,Bridgewater,http://semmc.com/
Massachusetts,Worcester Mineral Club,Worcester,http://worcestermineralclub.org/
Michigan,"Big Rapids Rock, Gem & Mineral Club",Big Rapids,https://sites.google.com/site/bigrapidsrockgemmineralclub/
Michigan,Central Michigan Lapidary and Mineral Society,Lansing,http://michrocks.org/
Michigan,Copper Country Rock and Mineral Club,Dollar Bay,http://www.ccrmc.info/
Michigan,Flint Rock and Gem Club,Flint,http://www.flintrockandgem.org/
Michigan,Grand Traverse Area Rock and Mineral Club,Traverse City,http://tcrockhounds.com/
Michigan,Indian Mounds Rock & Mineral Club,Wyoming,http://www.indianmoundsrockclub.com/
Michigan,Ishpeming Rock and Mineral Club,Ishpeming,http://www.ishpemingrocks.org/
Michigan,Kalamazoo Geological & Mineral Society,Kalamazoo,http://kalamazoorockclub.org/
Michigan,Livingston Gem & Mineral Society,Howell,http://www.livingstongemandmineralsociety.com/
Michigan,Michigan Gem & Mineral Society,Michigan Center,http://mgmsrockclub.com/
Michigan,Michigan Mineralogical Society,Bloomfield Hills,https://www.michmin.org/
Michigan,Mid-Michigan Rock Club,Midland,http://www.midmichrockclub.com/?Page=1
Michigan,Midwest Faceters' Guild,Grand Rapids,http://www.midwestfaceters.org/
Michigan,Midwest Mineralological & Lapidary Society,Taylor,http://www.mmls.us/
Michigan,Mikenauk Rock and Gem Club,Roscommon,http://mikenaukclub.weebly.com/
Michigan,Mount Clemens Gem & Lapidary Society,Mt. Clemens,http://mcgls.org/
Michigan,Oakland County Earth Science Club,Waterford,http://www.ocesc.com/
Michigan,Roamin Club,Livonia,https://roaminrockclub.weebly.com/
Michigan,StateLine Gem & Mineral Society,Morenci,http://statelinegms.com/
Michigan,"Tulip City Gem & Mineral Club, Inc.",Holland,http://www.tulipcity.org/
Minnesota,Anoka County Gem & Mineral Club,Minneapolis,http://www.amfed.org/mwf/states/Minnesota/AnokaGem.html
Minnesota,"Cuyuna Rock, Gem and Mineral Society",Brainerd,http://cuyunarockclub.org/wp/
Minnesota,Minnesota Mineral Club,Falcon Heights,http://minnesotamineralclub.org/
Minnesota,Minnesota Valley Gem & Mineral Club,Mankato,http://www.mnvalleygemandmineralclub.com/
Minnesota,St Croix Rockhounds,Stillwater,http://stcroixrockhounds.org/
Mississippi,"Harrison County Gem & Mineral Society, Inc.",Gulfport,http://www.gulfportgems.org/
Mississippi,Mississippi Gem & Mineral Society,Jackson,http://missgems.org/
Mississippi,Mississippi Geological Society,Jackson,http://www.missgeo.com/
Mississippi,Mississippi Gulf Coast Gem and Mineral Society,Ocean Springs,http://www.mgcgms.org/
Mississippi,North Mississippi Gem and Mineral Society,Tupelo,http://www.nmgms.org/
Missouri,Central Missouri Rock and Lapidary Club,Columbia,http://www.cmrlc.org/
Missouri,Independence Gem & Mineral Society,Independence,http://www.igams.co/
Missouri,Missouri Valley Gem & Mineral Society,St. Joseph,http://www.movalleyrockclub.com/
Missouri,"Mozarkite Society of Lincoln, Inc.",Lincoln,http://www.mozarkite.com/
Missouri,Ozark Mountain Gem & Mineral Society,Springfield,https://www.facebook.com/omgms.57
Missouri,Rock Hobby Club of Greater Saint Louis,St. Louis,xxxxxhttp://rockhobby.stlearthsci.org/Home.aspxxxxxx
Missouri,Rockwood Gem & Mineral Society,St. Louis,http://rockwood.stlearthsci.org/
Missouri,St. Louis Mineral & Gem Society,St. Louis,http://www.stlrockclub.com/
Missouri,"Show Me Gems & Minerals Club, Inc.",St. Peters,http://showme.stlearthsci.org/
Missouri,Show-Me Rockhounds Kansas City,Kansas City,https://showmerockhounds.com/
Montana,"Billings Gem & Mineral Club, Inc.",Billings,http://www.billingsgemclub.com/
Montana,Bitterroot Gem & Mineral Society,Corvallis,http://www.ravalligemandmineralclub.org/
Montana,Bozeman Gem and Mineral Club,Bozeman,http://bozemangemandmineralclub.com/
Montana,Hellgate Mineral Society,Missoula,https://www.facebook.com/HellgateMineralSociety/
Montana,Kalispell Rockhound Club,Kalispell,http://www.kalispellrockhounds.org/
Nebraska,"Lincoln Gem & Mineral Club, Inc.",Lincoln,https://www.lincolngemmineralclub.org/
Nevada,Comstock Gold Prospectors,Reno,http://cgpgold.org/
Nevada,Great Basin Gem & Mineral Club,Carson City,http://greatbasingemandmineralclub.rocks/
Nevada,High Desert Rockers,Carson City,https://highdesertrockers.wordpress.com/
Nevada,Nye Gold Seekers,Pahrump,http://nyegoldseekers.webs.com/
Nevada,Reno Gem and Mineral Society,Reno,http://www.renorockhounds.com/
Nevada,Southern Nevada Gem and Mineral Society,Las Vegas,http://www.snvgms.org/
New Hampshire,Capital Mineral Club,Concord,http://www.capitalmineralclub.org/
New Hampshire,Keene Mineral Club,Keene,https://sites.google.com/site/keenemineralclub/home
New Hampshire,Saco Valley Gem and Mineral Club,Conway,http://www.sacovalleygemandmineralclub.org/
New Hampshire,Southeastern New Hampshire Mineral Club,Dover,https://www.senhmc.org/
New Jersey,Cape Atlantic Rockhounds Inc.,Cologne,http://www.capeatlanticrockhounds.com/
New Jersey,Delaware Valley Earth Science Society,Woodbury,http://www.dvess.org/
New Jersey,Friends of Mineralogy - New Jersey Chapter,Marlboro Township,https://fomnj.wordpress.com/
New Jersey,Morris Museum Mineralogical Society,Morristown,http://morrismuseum.org/mineral-society/
New Jersey,"New Jersey Mineralogical Society, Inc",Mountainside,http://www.njmin.org/
New Jersey,"North Jersey Mineralogical Society, Inc.",Paterson,http://www.nojms.webs.com/
New Mexico,Albuquerque Gem & Mineral Club,Albuquerque,http://www.agmc.info/
New Mexico,Carlsbad Gem and Mineral Society,Carlsbad,http://www.carlsbadgms.org/
New Mexico,Deming Gem & Mineral Society,Deming,http://www.thedgms.com/
New Mexico,"Grant County Rolling Stones Gem & Mineral Society, Inc.",Silver City,http://rollingstonesgms.blogspot.com/
New Mexico,Los Alamos Geological Society,Los Alamos,http://pweb.netcom.com/~hoffmans/LAGS.html
New York,"Buffalo Geological Society, Inc.",Buffalo,http://www.bgsny.org/
New York,Capital District Mineral Club,Albany,http://capitaldistrictmineralclub.com/
New York,"Gem and Mineral Society of Syracuse, Inc.",Syracuse,http://www.gmss.us/
New York,Island Rockhounds Inc.,Bellmore,http://www.islandrockhounds.org/
New York,Long Island Mineral & Geology Society,Jamesport,http://www.limineralandgeology.com/LiMags/Home.html
New York,Mid-Hudson Valley Gem and Mineral Society Inc.,Poughkeepsie,http://mhvgms.org/index.html
New York,Nassau Mineral Club,Glen Cove,http://nassaumineralclub.org/
New York,New York Mineralogical Club,NYC,http://www.newyorkmineralogicalclub.org/
New York,New York Paleontological Society,NYC,http://www.nyps.org/index.htm
New York,Orange County Mineral Society,Middletown,http://www.orangecountymineralsocietynewyork.com/
New York,Rochester Academy of Science,Rochester,http://www.rasny.org/
New York,Rochester Lapiday Society,Rochester,http://www.rochesterlapidary.org/
New York,St. Lawrence County Rock & Mineral Club,Canton,http://stlawrencecountymineralclub.org/
New York,Suffolk Gem & Mineral Club,Bay Shore,http://www.suffolkgem.com/
New York,Wayne County Gem and Mineral Club,Newark,http://www.wcgmc.org/
North Carolina,Cape Fear Mineral & Gem Society,Fayetteville,http://www.mercergarden.com/GemClub.html
North Carolina,Catawba Valley Gem & Mineral Club,Hickory,http://www.cvgmc.com/
North Carolina,Central North Carolina Mineral Club,Chapel Hill,http://www.centralncmineralclub.org/
North Carolina,Charlotte Gem & Mineral Club,Charlotte,http://www.charlottegem.com/
North Carolina,Forsyth Gem and Mineral Club,Winston-Salem,http://www.forsythgemclub.com/fgmcmain.html
North Carolina,"Gaston Gem, Mineral and Faceters Club",Gastonia,http://gastongemclub.weebly.com/
North Carolina,Gem & Mineral Society of Franklin,Franklin,http://www.fgmm.org/
North Carolina,Greensboro Gem & Mineral Club,Greensboro,http://www.ggmc-rockhounds.com/
North Carolina,Henderson County Gem and Mineral Society,Hendersonville,http://hcgms.com/index.html
North Carolina,Mountain Area Gem and Mineral Association (MAGMA),Asheville,http://www.wncrocks.com/magma/magma.html
North Carolina,North Carolina Fossil Club,Raleigh,http://www.ncfossilclub.org/
North Carolina,Southern Appalachian Mineral Society,Asheville,http://www.main.nc.us/sams/
North Carolina,Tar Heel Gem & Mineral Club,Raleigh,http://www.tarheelclub.org/
North Dakota,Central Dakota Gem & Mineral Society,Bismarck,https://ndrockclub.org/
Ohio,Brukner Gem and Mineral Club,Troy,http://www.bruknergemandmineralclub.com/
Ohio,Cincinnati Mineral Society,Cincinnati,http://mineralsociety.org/
Ohio,Columbus Rock and Mineral Society,Columbus,http://www.columbusrockandmineralsociety.org/
Ohio,Dayton Gem & Mineral Society,Kettering,https://www.facebook.com/The-Dayton-Gem-Mineral-Society-140478502678195/
Ohio,Dry Dredgers,Cincinnati,http://drydredgers.org/
Ohio,Greater Cincinati Lapidary and Faceting Society,Loveland,http://cincinnatilapidary.weebly.com/
Ohio,North Coast Fossil Club,Cleveland,http://ncfclub.org/
Ohio,Ohio Geological Society,Worthington,https://ohiogeosoc.org/
Ohio,Parma Lapidary Club,Cleveland,http://www.parmalapidary.com/
Ohio,Richland Lithic & Lapidary Society,Mansfield,http://rlls.webs.com/
Ohio,Summit Lapidary Club,Cuyahoga Falls,http://lapidaryclubofohio.org/
Ohio,Toledo Gem & Rockhound Club,Toledo,http://rockyreader.com/
Oklahoma,"Ada Gem, Mineral and Fossil Club",Ada,http://www.freewebs.com/agmfc/
Oklahoma,Enid Gem & Mineral Society,Enid,http://www.enidgemandmineral.org/
Oklahoma,Oklahoma Mineral and Gem Society,Oklahoma City,http://omgs-minerals.org/
Oklahoma,Shawnee Gem and Mineral Society,Shawnee,https://www.facebook.com/Shawnee-Gem-and-Mineral-Society-524175917629452/
Oklahoma,Tulsa Rock and Mineral Society,Tulsa,http://www.ttownrockhound.org/
Oklahoma,Tahlequah Rock and Mineral Society,Tahlequah,http://tramsok.webs.com/
Oregon,Central Oregon Rock Collectors,Redmond,https://corockcollectors.com/
Oregon,Clackamette Mineral and Gem Club,Oregon City,http://www.clackamettegem.org/
Oregon,Columbia-Willamette Faceters' Guild,Portland/West Linn,http://facetersguild.com/
Oregon,FarWest Lapidary & Gem Society,North Bend,http://www.farwestlapidary.org/
Oregon,Hatrockhounds Gem and Mineral Society,Hermiston,http://jall23.wixsite.com/hatrockhounds
Oregon,Millennium Diggers Club,Portland,http://www.millenniumdiggers.com/
Oregon,Mt Hood Rock Club,Gresham,https://mthoodrockclub.wordpress.com/
Oregon,North American Research Group,Hillsboro,http://narg-online.com/
Oregon,"Oregon Agate & Mineral Society, Inc.",Portland,http://www.oregonagate.org/
Oregon,Oregon Coast Agate Club,Newport,http://www.coastagates.org/
Oregon,Prineville Rockhound Pow-Wow Assoc.,Prineville,http://prineville.rocks/
Oregon,Rock and Arrowhead Club of Klamath Falls,Klamath Falls,http://www.klamathrockclub.org/
Oregon,Springfield Thunderegg Rock Club,Springfield,http://thundereggrockclub.blogspot.com/
Oregon,Tualatin Valley Gem Club,Forest Grove,https://tvrgc.org/
Oregon,"Willamette Agate and Mineral Society, Inc.",Salem,http://www.wamsi.net/
Pennsylvania,"Central Pennsylvania Rock and Mineral Club, Inc.",Harrisburg,http://www.rockandmineral.org/
Pennsylvania,"Che-Hanna Rock and Mineral Club, Inc.",Sayre,http://www.chehannarocks.com/
Pennsylvania,Delaware Valley Paleontological Society,Philadelphia,https://sites.google.com/site/dvpspaleo/
Pennsylvania,Friends of Mineralogy - Pennsylvania Chapter,St. Peters,http://www.rasloto.com/FM/
Pennsylvania,Gem City Rock and Mineral Society,Erie,http://www.gemcityrockclub.org/
Pennsylvania,Leidy Microscopical Society,Fairless Hills,http://leidymicroscopical.com/
Pennsylvania,"Mason-Dixon Rock, Mineral, Gemological, & Lapidary Club",Hanover,http://topgemz.com/
Pennsylvania,Mineralogical Society of Northeastern Pennsylvania,Moosic,http://msnepa.org/
Pennsylvania,Monongahela Rockhounds,Pittsburgh,http://www.monongahelarockhounds.org/
Pennsylvania,Monroe County Earth Science Association,Stroudsburg,http://www.mdsysconsulting.com/MCESA/
Pennsylvania,Moraine Rockbusters,Mars,http://www.morainerockbusters.org/
Pennsylvania,Nittany Mineralogical Society,State College,http://www.nittanymineral.org/
Pennsylvania,Pennsylvania Earth Sciences Association,Whitehall,http://www.mineralfest.com/
Pennsylvania,Philadelphia Mineralogical Society,Philadelphia,http://www.phillyrocks.org/
Pennsylvania,Pittsburgh Geological Society,Pittsburgh,http://www.pittsburghgeologicalsociety.org/index.html
Pennsylvania,Tuscarora Lapidary Society,Brookhaven,http://www.lapidary.org/
Rhode Island,"Rhode Island Mineral Hunters, Inc.",Warwick,http://rimh.us/
South Carolina,Aiken Gem and Mineral Society,Aiken,http://www.aikengmfs.org/
South Carolina,Columbia Gem & Mineral Society,Columbia,http://www.cgams.org/
South Carolina,Lowcountry Gem and Mineral Society,North Charleston,http://lowcountrygemandmineralsociety.org/
South Carolina,Pendleton District Gem and Mineral Society,Central,http://www.woodsmere.com/pdgms/
South Carolina,Western South Carolina Gem and Mineral Society,Greenville,http://www.wescagem.org/
South Dakota,Sioux Empire Gem and Mineral Society,Sioux Falls,http://www.segams.org/
South Dakota,Western Dakota Gem & Mineral Society,Rapid City,http://www.wdgms.org/
Tennessee,Knoxville Gem & Mineral Society,Knoxville,http://www.knoxrocks.org/
Tennessee,Memphis Archaeological & Geological Society,Memphis,http://www.memphisgeology.org/
Tennessee,Middle Tennessee Rockhounds,Nashville,http://www.rockhound.org/
Tennessee,Mid-Tennessee Gem and Mineral Society,"Murfreesboro, Donelson, Tullahoma",http://www.mtgms.org/
Texas,Arlington Gem and Mineral Club,Arlington,http://www.agemclub.org/
Texas,Austin Gem and Mineral Society,Austin,http://www.austingemandmineral.org/index.html
Texas,Central Texas Gem & Mineral Society,Abilene,http://rockclub.txol.net/
Texas,Chihuahuan Desert Gem and Mineral Club,Alpine,http://www.cdgmc.org/
Texas,Clear Lake Gem and Mineral Society,Houston,http://www.clgms.org/
Texas,"Cowtown Gem, Mineral & Glass Society",Fort Worth,http://cera-fw.org/gem-mineral-glass/
Texas,Dallas Gem and Mineral Society,Dallas,http://www.dallasgemandmineral.org/
Texas,Dallas Paleontological Society,Dallas,https://dps.wildapricot.org/
Texas,East Texas Gem and Mineral Society,Tyler,http://www.etgms.com/
Texas,"El Paso Mineral and Gem Society, Inc.",El Paso,http://www.epmgs.com/
Texas,Fort Worth Gem and Mineral Club,Fort Worth,http://www.fortworthgemandmineralclub.org/
Texas,Fredericksburg Rockhounds,Fredericksburg,http://fredericksburgrockhounds.org/
Texas,Geological Society of San Antonio,San Antonio,http://www.geosa.org/
Texas,"Golden Spread Gem, Mineral and Treasure Society",Amarillo,http://www.amarillotreasure.com/
Texas,Gulf Coast Gem & Mineral Society,Corpus Christi,http://www.gcgms.org/
Texas,Houston Gem and Mineral Society,Houston,http://www.hgms.org/
Texas,Lubbock Gem and Mineral Society,Lubbock,http://www.lubbockgemandmineral.org/
Texas,"Midland Gem and Mineral Society, Inc.",Midland,https://www.facebook.com/midlandgemandmineral/
Texas,Oak Cliff Gem and Mineral Society,Dallas,http://www.ocgemandmineral.com/
Texas,Paleontological Society of Austin,Austin,http://www.austinpaleo.org/
Texas,Pine Country Gem & Mineral Society,Jasper,http://www.pinecountry-gms.org/
Texas,Piney Woods Gem & Mineral Society,Huntsville,http://www.pwgms.org/
Texas,Pleasant Oaks Gem & Mineral Club,Dallas,http://www.pogmc.org/
Texas,"Rollin' Rock Club, Inc.",Rollin' Rock Club Of Texas And Any Other State Or Country Of The World and Outer Space,https://sites.google.com/site/rollinrockclub/
Texas,South Texas Geological Society,San Antonio,http://www.stgs.org/
Texas,Southwest Gem and Mineral Society,San Antonio,http://www.swgemandmineral.org/
Texas,Texas Faceters Guild,Houston,http://texasfacetersguild.org/
Texas,"Tri-City Gem and Mineral Society, Inc.",Temple,https://www.facebook.com/midlandgemandmineral/
Texas,Waco Gem and Mineral Club,Waco,http://www.wacogemandmineral.org/
Texas,Williamson County Gem and Mineral Society,Georgetown,http://www.wcgms.org/
Texas,"Wise County Fossil, Rock and Mineral Society",Decatur,http://wisecofossilrockandmineralsoc.weebly.com/
Utah,Beehive Rock and Gem Club,Ogden,http://www.beehiverockandgem.com/
Utah,Cache Rock and Gem Club,Smithfield,http://cacherockgemclub.weebly.com/
Utah,Golden Spike Gem & Mineral Society,Ogden,http://goldenspikegem.org/
Utah,Mineral Collectors of Utah,Salt Lake City,http://m-c-u.org/
Utah,Moab Rock Club,Moab,https://www.facebook.com/Moab-Rock-Club-1508131859497762/
Utah,Rockhounders Outreach for Community Knowledge,Sandy,http://www.rockhoundersock.com/
Utah,Timpanogos Gem & Mineral Society,Provo,http://timprocks.weebly.com/
Utah,Tooele Gem & Mineral Society,Tooele,https://www.facebook.com/Tooele-Gem-Mineral-Society-1742342656045404/
Utah,Wasatch Gem Society,Salt Lake City,http://www.wasatchgemsociety.com/
Vermont,Burlington Gem and Mineral Club,Burlington,http://www.burlingtongemandmineralclub.org/
Vermont,Rutland Rock & Mineral Club,Rutland,http://www.rutlandrockmineralclub.50webs.com/
Virginia,"Gem and Mineral Hunters, Inc.",Manassas,http://www.gmhonline.org/
Virginia,Gem and Mineral Society of Lynchburg,Lynchburg,http://www.lynchburgrockclub.org/
Virginia,Gem and Mineral Society of the Virginia Peninsula,Hampton,http://www.gmsvp.org/
Virginia,"Northern Virginia Mineral Club, Inc.",Arlington,http://www.novamineralclub.org/
Virginia,Richmond Gem & Mineral Society,Richmond,http://www.rgms-va.info/
Virginia,Roanoke Valley Mineral & Gem Society,Roanoke,https://www.facebook.com/RVMGS/
Virginia,Shenandoah Valley Gem & Mineral Society,Waynesboro,http://www.shenandoahvalleyrockclub.org/
Virginia,Tidewater Gem & Mineral Society,Virginia Beach,http://tgms.weebly.com/
Washington,"Bellevue Rock Club, Inc.",Bellevue,http://www.bellevuerockclub.org/
Washington,Cascade Mineralogical Society Inc,Kent,http://www.cascademineralogicalsociety.org/
Washington,Clallam County Gem & Mineral Association,Port Angeles,http://www.olympicrocks.com/
Washington,Darrington Rock & Gem Club,Darrington,https://www.facebook.com/DarringtonRGC/
Washington,East KingCo Rock Club,Kirkland,http://www.eastkingco.org/
Washington,Everett Rock & Gem Club,Everett,http://www.everettrockclub.com/
Washington,Ginkgo Mineral Society,Wenatchee,http://wenatcheerockclub.org/
Washington,Kitsap Mineral and Gem Societ,Bremerton,http://www.kmgs.org/
Washington,"Lakeside Gem & Mineral Club, Inc.",Kennewick,http://www.lakesidegemandmineralclub.com/
Washington,Maplewood Rock & Gem Community Club,Edmonds,http://www.maplewoodrockclub.com/
Washington,Marcus Whitman Gem and Mineral Society,Walla Walla,https://www.sites.google.com/site/mwgemandmineral/
Washington,"Marysville Rock & Gem Club, Inc.",Marysville,https://sites.google.com/site/marysvillerockngemclub/
Washington,Mount Baker Rock And Gem Club,Bellingham,http://mtbakerrockclub.org/
Washington,North American Miners Association,Kent,http://www.namaminers.org/
Washington,North Puget Sound Facetors Guild,Mount Vernon,http://www.facetguild.com/
Washington,Northwest Paleontological Association,Puget Sound,http://nwpaleo.org/
Washington,Panorama Gem & Mineral Club,Arden,http://panoramagem.com/
Washington,Puyallup Valley Gem & Mineral Club,Puyallup,https://www.facebook.com/PuyallupValleyGemClub
Washington,Skagit Rock and Gem Club,Mt. Vernon,https://www.skagitrockandgem.com/
Washington,Spokane Rock Rollers Club,Spokane Valley,http://www.rockrollers.org/WP/
Washington,North Seattle Lapidary & Mineral Club,Seattle,http://www.northseattlerockclub.org/
Washington,Washington Agate and Mineral Society,Olympia,https://wamsolympia.wordpress.com/
Washington,West Seattle Rock Club,Seattle,http://www.westseattlerockclub.org/
Washington,Yakima Rock & Mineral Club,Yakima,http://www.yakimarockclub.com/
West Virginia,Kanawha Rock and Gem Club,Charleston,http://www.kanawharockandgemclub.org/
West Virginia,Prehistoric West Virginia,Morgantown,http://prehistoricplanet.com/wv/
West Virginia,West Virginia Fossil Club Inc,Clarksburg,http://www.westvirginiafossilclub.com/
Wisconsin,"Badger Lapidary & Geological Society, Inc.",Monroe,http://www.badgerrockclub.org/
Wisconsin,Coulee Rock Club of La Crosse,La Crosse,https://www.facebook.com/pages/The-Coulee-Rock-Club/182345351787782
Wisconsin,Heart of Wisconsin Gem & Mineral Society,Marshfield & Stevens Point,https://www.heartofwisconsinrocks.com/
Wisconsin,Kettle Moraine Geological Society,Pewaukee,http://www.kmgsrocks.com/
Wisconsin,Lakeland Gem Club,Minocqua,http://www.lakelandgemclub.com/
Wisconsin,Madison Gem and Mineral Club,Madison,http://www.madisonrockclub.org/
Wisconsin,Northwest Wisconsin Gem & Mineral Society,Cameron,http://www.cameronamericanlegion.org/rockclub.html
Wisconsin,Oshkosh Earth Science Club,Oshkosh,https://sites.google.com/site/oshkoshearthscienceclub/home
Wisconsin,"Racine Geological Society, Inc",Racine,http://rgs-wi.tripod.com/
Wisconsin,Weis'n'Miners Geology Club,Menasha,http://www.weismuseum.org/geology-club.html
Wisconsin,Wisconsin Geological Society,West Allis,http://www.wisgeologicalsociety.com/
Wyoming,Cody 59ers Rock Club,Cody,http://www.cody59ers.com/
Wyoming,Riverton Mineral and Gem Society,Riverton,http://www.rivertonmgs.com/
Wyoming,Wyoming State Mineral and Gem Society,Cody,http://wymineralandgemsociety.org/
