store,url
VAPE IT STORE I,pending
VAPE IT STORE II,pending
VAPEPAD THE,https://jportal.mdcourts.gov/license/pbLicenseDetail.jsp?owi=EhcRmaKpHvo%3D
VAPE LOFT THE,https://jportal.mdcourts.gov/license/pbLicenseDetail.jsp?owi=AQQvPUEPdBc%3D
VAPE N CIGAR,https://jportal.mdcourts.gov/license/pbLicenseDetail.jsp?owi=rpdCUfaGICI%3D
VAPE N CIGAR,https://jportal.mdcourts.gov/license/pbLicenseDetail.jsp?owi=Ofer17GbEqI%3D
VAPE DOJO,pending
VAPE BIRD II,https://jportal.mdcourts.gov/license/pbLicenseDetail.jsp?owi=YrpYy3sMDmo%3D
VAPE BIRD,https://jportal.mdcourts.gov/license/pbLicenseDetail.jsp?owi=8AvW%2FHiyaXQ%3D
VAPORFI SOUTHSIDE,https://jportal.mdcourts.gov/license/pbLicenseDetail.jsp?owi=rftTtYeKd8U%3D
VAPE DO JO,pending
VAPE PLANET,https://jportal.mdcourts.gov/license/pbLicenseDetail.jsp?owi=XLkC%2FxK0l1o%3D
VAPE PLUS,pending
VAPE JUNGLE,https://jportal.mdcourts.gov/license/pbLicenseDetail.jsp?owi=INj8yEazOBc%3D
VAPE JUNGLE 4,https://jportal.mdcourts.gov/license/pbLicenseDetail.jsp?owi=K5SzjPZXD5g%3D
VAPE SOCIAL,https://jportal.mdcourts.gov/license/pbLicenseDetail.jsp?owi=c7cwQbw6RrQ%3D
VAPE SWITCH,pending
VAPEWERKS,pending
VAPIST MD,https://jportal.mdcourts.gov/license/pbLicenseDetail.jsp?owi=1Lwhqri%2Byjw%3D
VAPOR EMPORIUM,https://jportal.mdcourts.gov/license/pbLicenseDetail.jsp?owi=MnOzyxlAHaA%3D
VAPOR VILLA,https://jportal.mdcourts.gov/license/pbLicenseDetail.jsp?owi=xQmQBJ%2F9Z4I%3D
VAPOR VILLA,https://jportal.mdcourts.gov/license/pbLicenseDetail.jsp?owi=uTwNVtGVItQ%3D
VAPORS LOUNGE,https://jportal.mdcourts.gov/license/pbLicenseDetail.jsp?owi=mnI6lBaxYew%3D
VAPERS RING THE,https://jportal.mdcourts.gov/license/pbLicenseDetail.jsp?owi=uOemx26D8e0%3D
